-- users
insert into user (user_Id, user_password, email, nickname, memo, created_at, gender, birthday, age_range, job, address) values ('user', '{noop}password', 'email@email.com', 'nick', 'memo', '1971-03-13T00:00:00', 'male', now(), '50대', 'expert', '경기 성남시 분당구 금곡로 39 (화이트빌)');
insert into user (user_id, user_password, email, nickname, memo, created_at, gender, birthday, age_range, job, address) values ('cvaldes0', '{noop}11tMPQ4', 'bscrivenor0@bluehost.com', 'Skiles and Sons', 'Optimized tangible customer loyalty', '2022-05-13 02:43:28', 'male', '2001-01-01', '20대', 'expert', '경기 수원시 장안구 경수대로 769 (청송빌딩)');
insert into user (user_id, user_password, email, nickname, memo, created_at, gender, birthday, age_range, job, address) values ('lness1', '{noop}aA7tIdKQAL5', 'vkilcullen1@etsy.com', 'Nikolaus-Feest', 'Enhanced secondary website', '2021-06-08 06:05:49', 'male', '1991-02-02', '30대', 'office', '충북 음성군 음성읍 가섭길 568');
insert into user (user_id, user_password, email, nickname, memo, created_at, gender, birthday, age_range, job, address) values ('hcampa2', '{noop}UCaygi', 'lretchless2@wordpress.org', 'Bins, Baumbach and Russel', 'Multi-tiered interactive access', '2022-02-15 18:57:26', 'male', '1999-04-01', '20대', 'service', '서울 송파구 동남로 99 (용현빌딩)');
insert into user (user_id, user_password, email, nickname, memo, created_at, gender, birthday, age_range, job, address) values ('tjackalin3', '{noop}gLmKrEwLUO', 'chedling3@i2i.jp', 'Hand-Stamm', 'Adaptive intermediate task-force', '2022-02-02 11:37:00', 'female', '2011-10-10', '10대', 'student', '경기 성남시 분당구 서판교로 32');
insert into user (user_id, user_password, email, nickname, memo, created_at, gender, birthday, age_range, job, address) values ('rclayson4', '{noop}IVKw1XpapbzR', 'bbevis4@ehow.com', 'Strosin-O''Kon', 'Universal modular website', '2021-01-04 00:54:05', 'female', '1971-08-22', '50대', 'sales', '경기 수원시 영통구 광교산로 154-42 (경기대학교)');
insert into user (user_id, user_password, email, nickname, memo, created_at, gender, birthday, age_range, job, address) values ('user1', 'password1', 'user1@test.com', 'user1', 'memo1', '2023-04-12 00:00:00', 'male', '1990-01-01 00:00:00', '30대', 'office', '울산 북구 가대서길 25');
insert into user (user_id, user_password, email, nickname, memo, created_at, gender, birthday, age_range, job, address) values ('user2', 'password2', 'user2@test.com', 'user2', 'memo2', '2023-04-12 00:00:00', 'male', '1991-01-01 00:00:00', '30대', 'sales', '대구 남구 경상길 1');
insert into user (user_id, user_password, email, nickname, memo, created_at, gender, birthday, age_range, job, address) values ('user3', 'password3', 'user3@test.com', 'user3', 'memo3', '2023-04-12 00:00:00', 'female', '1992-01-01 00:00:00', '30대', 'sales', '부산 강서구 가달1로 7');
insert into user (user_id, user_password, email, nickname, memo, created_at, gender, birthday, age_range, job, address) values ('user4', 'password4', 'user4@test.com', 'user4', 'memo4', '2023-04-12 00:00:00', 'female', '1993-01-01 00:00:00', '30대', 'office', '인천 남동구 간석로 1');
insert into user (user_id, user_password, email, nickname, memo, created_at, gender, birthday, age_range, job, address) values ('user5', 'password5', 'user5@test.com', 'user5', 'memo5', '2023-04-12 00:00:00', 'male', '1994-01-01 00:00:00', '30대', 'expert', '광주 동구 경양로 211');
insert into user (user_id, user_password, email, nickname, memo, created_at, gender, birthday, age_range, job, address) values ('user6', 'password6', 'user6@test.com', 'user6', 'memo6', '2023-04-12 00:00:00', 'female', '1995-01-01 00:00:00', '20대', 'office', '광주 북구 가사문학로 954-38');
insert into user (user_id, user_password, email, nickname, memo, created_at, gender, birthday, age_range, job, address) values ('user7', 'password7', 'user7@test.com', 'user7', 'memo7', '2023-04-12 00:00:00', 'male', '1996-01-01 00:00:00', '20대', 'expert', '광주 남구 대지상촌길 1');
insert into user (user_id, user_password, email, nickname, memo, created_at, gender, birthday, age_range, job, address) values ('user8', 'password8', 'user8@test.com', 'user8', 'memo8', '2023-04-12 00:00:00', 'female', '1997-01-01 00:00:00', '20대', 'service', '대전 대덕구 대화로50번길 76 (행복아파트)');
insert into user (user_id, user_password, email, nickname, memo, created_at, gender, birthday, age_range, job, address) values ('user9', 'password9', 'user9@test.com', 'user9', 'memo9', '2023-04-12 00:00:00', 'male', '1998-01-01 00:00:00', '20대', 'service', '울산 남구 거마로 5');
insert into user (user_id, user_password, email, nickname, memo, created_at, gender, birthday, age_range, job, address) values ('user10', 'password10', 'user10@test.com', 'user10', 'memo10', '2023-04-12 00:00:00', 'male', '1999-01-01 00:00:00', '20대', 'service', '강원 삼척시 강원남부로 4330 (영진산업개발)');
insert into user (user_id, user_password, email, nickname, memo, created_at, gender, birthday, age_range, job, address) values ('user11', 'password11', 'user11@test.com', 'user11', 'memo11', '2023-04-12 00:00:00', 'female', '2000-01-01 00:00:00', '20대', 'service', '충북 영동군 양강면 유점지촌길 372 (충남대학교학술림)');
insert into user (user_id, user_password, email, nickname, memo, created_at, gender, birthday, age_range, job, address) values ('user12', 'password12', 'user12@test.com', 'user12', 'memo12', '2023-04-12 00:00:00', 'female','2001-01-01 00:00:00', '20대', 'expert', '충북 음성군 음성읍 가섭길 578');
insert into user (user_id, user_password, email, nickname, memo, created_at, gender, birthday, age_range, job, address) values ('user13', 'password13', 'user13@test.com', 'user13', 'memo13', '2023-04-12 00:00:00', 'female', '2002-01-01 00:00:00', '20대', 'service', '충남 금산군 진산면 실학로 520-25 (대한불교조계종금강불교대학부설원적선원)');
insert into user (user_id, user_password, email, nickname, memo, created_at, gender, birthday, age_range, job, address) values ('user14', 'password14', 'user14@test.com', 'user14', 'memo14', '2023-04-12 00:00:00', 'female', '2003-01-01 00:00:00', '20대', 'office', '전남 광양시 광양읍 대학로 85 (광양보건대학)');
insert into user (user_id, user_password, email, nickname, memo, created_at, gender, birthday, age_range, job, address) values ('user15', 'password15', 'user15@test.com', 'user15', 'memo15', '2023-04-12 00:00:00', 'male', '2004-01-01 00:00:00', '20대', 'sales', '전북 군산시 대학로 588 (군산대학교)');
insert into user (user_id, user_password, email, nickname, memo, created_at, gender, birthday, age_range, job, address) values ('user16', 'password16', 'user16@test.com', 'user16', 'user16', '2023-04-12 00:00:00', 'female', '2005-01-01 00:00:00', '10대', 'student', '경남 거제시 마전1길 91 (거제대학)');
insert into user (user_id, user_password, email, nickname, memo, created_at, gender, birthday, age_range, job, address) values ('user17', 'password17', 'user17@test.com', 'user17', 'user17', '2023-04-12 00:00:00', 'female', '2006-01-01 00:00:00', '10대', 'student', '경북 경산시 경청로222길 33 (대신대학교)');
insert into user (user_id, user_password, email, nickname, memo, created_at, gender, birthday, age_range, job, address) values ('user18', 'password18', 'user18@test.com', 'user18', 'user18', '2023-04-12 00:00:00', 'male', '2007-01-01 00:00:00', '10대', 'student', '세종특별자치시 전의면 가나물길 13');
insert into user (user_id, user_password, email, nickname, memo, created_at, gender, birthday, age_range, job, address) values ('user19', 'password19', 'user19@test.com', 'user19', 'user19', '2023-04-12 00:00:00', 'female', '2008-01-01 00:00:00', '10대', 'student', '서울 동대문구 서울시립대로 7');
insert into user (user_id, user_password, email, nickname, memo, created_at, gender, birthday, age_range, job, address) values ('user20', 'password20', 'user20@test.com', 'user20', 'user20', '2023-04-12 00:00:00', 'female', '2009-01-01 00:00:00', '10대', 'student', '서울 영등포구 당산로 123 (영등포구청)');

-- 10 votes
insert into vote (vote_id, user_id, title, content, category, expired_at, create_at, modified_at, display_range, region_restriction, gender_restriction, is_multi_pick) values (1, 'cvaldes0', 'Monsturd', 'Integrated #intermediate functionalities', 'ENTERPRISE', '2023-01-02 17:18:40', '2023-02-10 11:33:14', '2021-04-11 07:35:55', 'PUBLIC', 'All', 'All', true);
insert into vote (vote_id, user_id, title, content, category, expired_at, create_at, modified_at, display_range, region_restriction, gender_restriction, is_multi_pick) values (2, 'cvaldes0', 'Raincoat', 'Switchable fresh-thinking #secured line', 'SURVEY', '2022-03-28 16:01:59', '2022-06-09 02:20:49', '2021-04-07 01:20:52', 'PUBLIC', 'Seoul', 'Male', true);
insert into vote (vote_id, user_id, title, content, category, expired_at, create_at, modified_at, display_range, region_restriction, gender_restriction, is_multi_pick) values (3, 'lness1', 'Expelled', 'Inverse user-facing #interface', 'FREE', '2022-07-31 21:42:57', '2021-05-24 05:16:01', '2021-12-31 15:59:36', 'PUBLIC', 'Incheon', 'All', false);
insert into vote (vote_id, user_id, title, content, category, expired_at, create_at, modified_at, display_range, region_restriction, gender_restriction, is_multi_pick) values (4, 'lness1', 'Revengers Tragedy', 'Phased #national productivity', 'FREE', '2022-10-31 19:26:14', '2020-08-12 15:50:03', '2020-11-12 23:49:37', 'FRIEND', 'Busan', 'All', false);
insert into vote (vote_id, user_id, title, content, category, expired_at, create_at, modified_at, display_range, region_restriction, gender_restriction, is_multi_pick) values (5, 'hcampa2', 'Hair Show', 'Pre-emptive maximized #hub', 'SURVEY', '2022-10-30 14:39:50', '2022-09-12 13:27:59', '2023-01-08 11:09:39', 'PUBLIC', 'All', 'All', true);
insert into vote (vote_id, user_id, title, content, category, expired_at, create_at, modified_at, display_range, region_restriction, gender_restriction, is_multi_pick) values (6, 'hcampa2', 'God''s Comedy (A Comédia de Deus)', 'Fully-configurable high-level #data-warehouse', 'WORRY', '2022-09-11 17:28:16', '2021-02-25 20:20:31', '2021-08-03 04:47:17', 'PUBLIC', 'All', 'Female', false);
insert into vote (vote_id, user_id, title, content, category, expired_at, create_at, modified_at, display_range, region_restriction, gender_restriction, is_multi_pick) values (7, 'tjackalin3', 'Guilty #Hands', 'Profit-focused high-level #protocol', 'SURVEY', '2022-09-04 00:48:32', '2021-09-26 11:03:36', '2021-12-13 12:09:56', 'PUBLIC', 'Seoul', 'All', true);
insert into vote (vote_id, user_id, title, content, category, expired_at, create_at, modified_at, display_range, region_restriction, gender_restriction, is_multi_pick) values (8, 'tjackalin3', 'Ivan the Terrible, Part Two (Ivan Groznyy II: Boyarsky zagovor)', 'Polarised composite #interface', 'WORRY', '2023-01-12 09:24:16', '2020-10-29 15:06:22', '2020-12-26 06:09:46', 'FRIEND', 'All', 'All', true);
insert into vote (vote_id, user_id, title, content, category, expired_at, create_at, modified_at, display_range, region_restriction, gender_restriction, is_multi_pick) values (9, 'rclayson4', 'Lucky Night', '#Innovative mission-critical artificial intelligence', 'FREE', '2022-07-05 12:07:09', '2021-02-15 18:33:55', '2020-12-07 09:52:28', 'FRIEND', 'All', 'All', false);
insert into vote (vote_id, user_id, title, content, category, expired_at, create_at, modified_at, display_range, region_restriction, gender_restriction, is_multi_pick) values (10, 'rclayson4', 'Scalphunters, The', 'Centralized fault-tolerant #structure', 'WORRY', '2023-03-13 11:00:24', '2021-06-19 20:38:28', '2021-04-04 15:15:26', 'PUBLIC', 'All', 'All', false);

-- vote options
insert into vote_option (vote_option_id, vote_id, content, image_link) values (1, 1, 'Expanded needs-based standardization', '/images/image1.png');
insert into vote_option (vote_option_id, vote_id, content, image_link) values (2, 1, 'Intuitive 3rd generation open system', '/images/image2.png');
insert into vote_option (vote_option_id, vote_id, content, image_link) values (3, 2, 'Advanced user-facing system engine', '/images/image3.png');
insert into vote_option (vote_option_id, vote_id, content, image_link) values (4, 2, 'Optimized dedicated model', '/images/image4.png');
insert into vote_option (vote_option_id, vote_id, content, image_link) values (5, 3, 'User-centric client-server website', '/images/image5.png');
insert into vote_option (vote_option_id, vote_id, content, image_link) values (6, 3, 'Expanded bottom-line budgetary management', '/images/image6.png');
insert into vote_option (vote_option_id, vote_id, content, image_link) values (7, 4, 'Re-engineered intermediate framework', '/images/image7.png');
insert into vote_option (vote_option_id, vote_id, content, image_link) values (8, 4, 'Digitized scalable software', '/images/image8.png');
insert into vote_option (vote_option_id, vote_id, content, image_link) values (9, 5, 'Self-enabling fault-tolerant firmware', '/images/image9.png');
insert into vote_option (vote_option_id, vote_id, content, image_link) values (10, 5, 'Customizable mobile collaboration', '/images/image10.png');
insert into vote_option (vote_option_id, vote_id, content, image_link) values (11, 6, 'Realigned context-sensitive adapter', '/images/image11.png');
insert into vote_option (vote_option_id, vote_id, content, image_link) values (12, 6, 'Inverse transitional collaboration', '/images/image12.png');
insert into vote_option (vote_option_id, vote_id, content, image_link) values (13, 7, 'Sharable uniform success', '/images/image13.png');
insert into vote_option (vote_option_id, vote_id, content, image_link) values (14, 7, 'Vision-oriented background solution', '/images/image14.png');
insert into vote_option (vote_option_id, vote_id, content, image_link) values (15, 8, 'Multi-channelled discrete migration', '/images/image15.png');
insert into vote_option (vote_option_id, vote_id, content, image_link) values (16, 8, 'Self-enabling didactic projection', '/images/image16.png');
insert into vote_option (vote_option_id, vote_id, content, image_link) values (17, 9, 'Synergistic full-range strategy', '/images/image17.png');
insert into vote_option (vote_option_id, vote_id, content, image_link) values (18, 9, 'Distributed homogeneous Graphic Interface', '/images/image18.png');
insert into vote_option (vote_option_id, vote_id, content, image_link) values (19, 10, 'Customizable modular orchestration', '/images/image19.png');
insert into vote_option (vote_option_id, vote_id, content, image_link) values (20, 10, 'Total explicit conglomeration', '/images/image20.png');

-- vote comments
insert into vote_comment (vote_comment_id, vote_id, user_id, content, create_at, modified_at) values (1, 1, 'tjackalin3', 'Inverse methodical solution', '2022-01-30 13:59:17', '2022-11-18 14:10:01');
insert into vote_comment (vote_comment_id, vote_id, user_id, content, create_at, modified_at) values (2, 1, 'lness1', 'Cloned radical parallelism', '2023-01-31 15:50:25', '2020-10-09 01:20:27');
insert into vote_comment (vote_comment_id, vote_id, user_id, content, create_at, modified_at) values (3, 1, 'hcampa2', 'Multi-tiered reciprocal adapter', '2023-01-18 18:52:03', '2023-02-24 06:47:36');
insert into vote_comment (vote_comment_id, vote_id, user_id, content, create_at, modified_at) values (4, 2, 'cvaldes0', 'Self-enabling executive framework', '2022-05-12 07:47:26', '2021-02-13 09:25:54');
insert into vote_comment (vote_comment_id, vote_id, user_id, content, create_at, modified_at) values (5, 2, 'rclayson4', 'Virtual object-oriented neural-net', '2021-11-22 06:59:56', '2021-03-06 00:08:45');
insert into vote_comment (vote_comment_id, vote_id, user_id, content, create_at, modified_at) values (6, 2, 'hcampa2', 'Devolved 3rd generation algorithm', '2021-05-23 07:56:04', '2021-06-08 13:08:52');
insert into vote_comment (vote_comment_id, vote_id, user_id, content, create_at, modified_at) values (7, 3, 'cvaldes0', 'Operative responsive migration', '2022-04-12 17:58:08', '2022-10-02 07:17:33');
insert into vote_comment (vote_comment_id, vote_id, user_id, content, create_at, modified_at) values (8, 3, 'tjackalin3', 'Quality-focused bandwidth-monitored budgetary management', '2022-10-28 18:46:14', '2022-07-05 18:13:54');
insert into vote_comment (vote_comment_id, vote_id, user_id, content, create_at, modified_at) values (9, 3, 'hcampa2', 'Decentralized global functionalities', '2022-11-10 17:49:01', '2021-12-06 22:41:18');
insert into vote_comment (vote_comment_id, vote_id, user_id, content, create_at, modified_at) values (10, 4, 'rclayson4', 'Sharable analyzing attitude', '2022-07-26 10:36:31', '2022-11-04 11:38:47');
insert into vote_comment (vote_comment_id, vote_id, user_id, content, create_at, modified_at) values (11, 4, 'lness1', 'Adaptive real-time encryption', '2022-06-08 12:21:21', '2022-05-18 07:41:33');
insert into vote_comment (vote_comment_id, vote_id, user_id, content, create_at, modified_at) values (12, 4, 'hcampa2', 'Ergonomic multi-tasking help-desk', '2021-11-15 17:04:25', '2020-12-06 17:30:37');
insert into vote_comment (vote_comment_id, vote_id, user_id, content, create_at, modified_at) values (13, 5, 'cvaldes0', 'Front-line homogeneous standardization', '2022-12-27 00:47:41', '2023-02-27 06:52:55');
insert into vote_comment (vote_comment_id, vote_id, user_id, content, create_at, modified_at) values (14, 5, 'lness1', 'Managed intangible collaboration', '2022-10-25 12:57:38', '2022-02-20 09:06:30');
insert into vote_comment (vote_comment_id, vote_id, user_id, content, create_at, modified_at) values (15, 5, 'hcampa2', 'Team-oriented tertiary solution', '2021-10-08 04:58:38', '2021-11-28 00:24:54');
insert into vote_comment (vote_comment_id, vote_id, user_id, content, create_at, modified_at) values (16, 6, 'tjackalin3', 'Self-enabling asynchronous service-desk', '2021-07-26 18:00:40', '2022-03-28 00:32:32');
insert into vote_comment (vote_comment_id, vote_id, user_id, content, create_at, modified_at) values (17, 6, 'lness1', 'Enhanced encompassing frame', '2022-09-04 09:38:15', '2022-10-03 12:01:00');
insert into vote_comment (vote_comment_id, vote_id, user_id, content, create_at, modified_at) values (18, 6, 'rclayson4', 'Fundamental optimal migration', '2023-01-07 20:18:38', '2022-01-28 12:08:08');
insert into vote_comment (vote_comment_id, vote_id, user_id, content, create_at, modified_at) values (19, 7, 'cvaldes0', 'Customizable responsive concept', '2021-06-06 01:18:41', '2022-02-13 16:46:46');
insert into vote_comment (vote_comment_id, vote_id, user_id, content, create_at, modified_at) values (20, 7, 'lness1', 'Focused next generation definition', '2022-05-15 19:59:03', '2023-02-04 15:08:54');
insert into vote_comment (vote_comment_id, vote_id, user_id, content, create_at, modified_at) values (21, 7, 'hcampa2', 'Realigned solution-oriented encoding', '2023-01-23 12:26:35', '2021-12-22 00:33:39');
insert into vote_comment (vote_comment_id, vote_id, user_id, content, create_at, modified_at) values (22, 8, 'cvaldes0', 'Reverse-engineered executive success', '2022-01-31 15:21:11', '2022-03-27 04:07:19');
insert into vote_comment (vote_comment_id, vote_id, user_id, content, create_at, modified_at) values (23, 8, 'tjackalin3', 'Down-sized analyzing emulation', '2021-12-03 06:56:05', '2021-12-06 04:05:34');
insert into vote_comment (vote_comment_id, vote_id, user_id, content, create_at, modified_at) values (24, 8, 'rclayson4', 'Intuitive optimal groupware', '2021-11-20 12:31:52', '2021-03-14 23:10:54');
insert into vote_comment (vote_comment_id, vote_id, user_id, content, create_at, modified_at) values (25, 9, 'cvaldes0', 'Progressive fault-tolerant Graphic Interface', '2022-02-23 16:10:56', '2021-09-10 19:32:34');
insert into vote_comment (vote_comment_id, vote_id, user_id, content, create_at, modified_at) values (26, 9, 'lness1', 'Secured web-enabled capacity', '2023-03-11 22:11:08', '2021-08-25 15:55:43');
insert into vote_comment (vote_comment_id, vote_id, user_id, content, create_at, modified_at) values (27, 9, 'hcampa2', 'Advanced optimizing access', '2022-02-12 11:17:35', '2021-12-13 11:53:37');
insert into vote_comment (vote_comment_id, vote_id, user_id, content, create_at, modified_at) values (28, 10, 'cvaldes0', 'Re-contextualized asymmetric function', '2021-10-14 16:01:41', '2022-08-12 05:58:48');
insert into vote_comment (vote_comment_id, vote_id, user_id, content, create_at, modified_at) values (29, 10, 'lness1', 'Visionary user-facing frame', '2023-03-05 06:27:21', '2022-09-16 08:06:21');
insert into vote_comment (vote_comment_id, vote_id, user_id, content, create_at, modified_at) values (30, 10, 'rclayson4', 'Operative mobile Graphical User Interface', '2023-02-11 02:06:27', '2021-07-22 08:31:44');

-- comment likes
insert into comment_like(vote_comment_id, user_id) values (1, 'lness1');
insert into comment_like(vote_comment_id, user_id) values (1, 'hcampa2');
insert into comment_like(vote_comment_id, user_id) values (2, 'tjackalin3');
insert into comment_like(vote_comment_id, user_id) values (2, 'hcampa2');
insert into comment_like(vote_comment_id, user_id) values (3, 'lness1');

-- hashtags
insert into hashtag(hashtag_id, content) values (1, 'intermediate');
insert into hashtag(hashtag_id, content) values (2, 'secured');
insert into hashtag(hashtag_id, content) values (3, 'interface');
insert into hashtag(hashtag_id, content) values (4, 'national');
insert into hashtag(hashtag_id, content) values (5, 'hub');
insert into hashtag(hashtag_id, content) values (6, 'data-warehouse');
insert into hashtag(hashtag_id, content) values (7, 'protocol');
insert into hashtag(hashtag_id, content) values (8, 'interface');
insert into hashtag(hashtag_id, content) values (9, 'Innovative');
insert into hashtag(hashtag_id, content) values (10, 'structure');

-- vote_hashtags
insert into vote_hashtag(id, hashtag_id, vote_id) values (1, 1, 1);
insert into vote_hashtag(id, hashtag_id, vote_id) values (2, 2, 2);
insert into vote_hashtag(id, hashtag_id, vote_id) values (3, 3, 3);
insert into vote_hashtag(id, hashtag_id, vote_id) values (4, 4, 4);
insert into vote_hashtag(id, hashtag_id, vote_id) values (5, 5, 5);
insert into vote_hashtag(id, hashtag_id, vote_id) values (6, 6, 6);
insert into vote_hashtag(id, hashtag_id, vote_id) values (7, 7, 7);
insert into vote_hashtag(id, hashtag_id, vote_id) values (8, 8, 8);
insert into vote_hashtag(id, hashtag_id, vote_id) values (9, 9, 9);
insert into vote_hashtag(id, hashtag_id, vote_id) values (10, 10, 10);

-- picks
insert into pick(pick_id, user_id, vote_option_id) values (1, 'cvaldes0', 1);
insert into pick(pick_id, user_id, vote_option_id) values (2, 'cvaldes0', 3);
insert into pick(pick_id, user_id, vote_option_id) values (3, 'cvaldes0', 5);
insert into pick(pick_id, user_id, vote_option_id) values (4, 'cvaldes0', 9);
insert into pick(pick_id, user_id, vote_option_id) values (5, 'cvaldes0', 11);
insert into pick(pick_id, user_id, vote_option_id) values (6, 'cvaldes0', 13);
insert into pick(pick_id, user_id, vote_option_id) values (7, 'cvaldes0', 15);
insert into pick(pick_id, user_id, vote_option_id) values (8, 'cvaldes0', 17);
insert into pick(pick_id, user_id, vote_option_id) values (9, 'cvaldes0', 20);
insert into pick(pick_id, user_id, vote_option_id) values (10, 'lness1', 1);
insert into pick(pick_id, user_id, vote_option_id) values (11, 'lness1', 4);
insert into pick(pick_id, user_id, vote_option_id) values (12, 'lness1', 5);
insert into pick(pick_id, user_id, vote_option_id) values (13, 'lness1', 11);
insert into pick(pick_id, user_id, vote_option_id) values (14, 'lness1', 13);
insert into pick(pick_id, user_id, vote_option_id) values (15, 'lness1', 17);
insert into pick(pick_id, user_id, vote_option_id) values (16, 'lness1', 20);
insert into pick(pick_id, user_id, vote_option_id) values (17, 'hcampa2', 2);
insert into pick(pick_id, user_id, vote_option_id) values (18, 'hcampa2', 4);
insert into pick(pick_id, user_id, vote_option_id) values (19, 'hcampa2', 6);
insert into pick(pick_id, user_id, vote_option_id) values (20, 'hcampa2', 8);
insert into pick(pick_id, user_id, vote_option_id) values (21, 'hcampa2', 10);
insert into pick(pick_id, user_id, vote_option_id) values (22, 'hcampa2', 15);
insert into pick(pick_id, user_id, vote_option_id) values (23, 'hcampa2', 19);
insert into pick(pick_id, user_id, vote_option_id) values (24, 'tjackalin3', 1);
insert into pick(pick_id, user_id, vote_option_id) values (25, 'tjackalin3', 3);
insert into pick(pick_id, user_id, vote_option_id) values (26, 'tjackalin3', 5);
insert into pick(pick_id, user_id, vote_option_id) values (27, 'tjackalin3', 7);
insert into pick(pick_id, user_id, vote_option_id) values (28, 'tjackalin3', 9);
insert into pick(pick_id, user_id, vote_option_id) values (29, 'tjackalin3', 11);
insert into pick(pick_id, user_id, vote_option_id) values (30, 'tjackalin3', 13);
insert into pick(pick_id, user_id, vote_option_id) values (31, 'tjackalin3', 17);
insert into pick(pick_id, user_id, vote_option_id) values (32, 'tjackalin3', 19);
insert into pick(pick_id, user_id, vote_option_id) values (33, 'rclayson4', 2);
insert into pick(pick_id, user_id, vote_option_id) values (34, 'rclayson4', 4);
insert into pick(pick_id, user_id, vote_option_id) values (35, 'rclayson4', 6);
insert into pick(pick_id, user_id, vote_option_id) values (36, 'rclayson4', 8);
insert into pick(pick_id, user_id, vote_option_id) values (37, 'rclayson4', 10);
insert into pick(pick_id, user_id, vote_option_id) values (38, 'rclayson4', 12);
insert into pick(pick_id, user_id, vote_option_id) values (39, 'rclayson4', 14);
insert into pick(pick_id, user_id, vote_option_id) values (40, 'rclayson4', 16);
insert into pick(pick_id, user_id, vote_option_id) values (41, 'user1', 9);
insert into pick(pick_id, user_id, vote_option_id) values (42, 'user2', 10);
insert into pick(pick_id, user_id, vote_option_id) values (43, 'user3', 9);
insert into pick(pick_id, user_id, vote_option_id) values (44, 'user4', 10);
insert into pick(pick_id, user_id, vote_option_id) values (45, 'user5', 9);
insert into pick(pick_id, user_id, vote_option_id) values (46, 'user6', 10);
insert into pick(pick_id, user_id, vote_option_id) values (47, 'user7', 9);
insert into pick(pick_id, user_id, vote_option_id) values (48, 'user8', 10);
insert into pick(pick_id, user_id, vote_option_id) values (49, 'user9', 9);
insert into pick(pick_id, user_id, vote_option_id) values (50, 'user10', 10);
insert into pick(pick_id, user_id, vote_option_id) values (51, 'user11', 9);
insert into pick(pick_id, user_id, vote_option_id) values (52, 'user12', 10);
insert into pick(pick_id, user_id, vote_option_id) values (53, 'user13', 9);
insert into pick(pick_id, user_id, vote_option_id) values (54, 'user14', 10);
insert into pick(pick_id, user_id, vote_option_id) values (55, 'user15', 9);
insert into pick(pick_id, user_id, vote_option_id) values (56, 'user16', 10);
insert into pick(pick_id, user_id, vote_option_id) values (57, 'user17', 9);
insert into pick(pick_id, user_id, vote_option_id) values (58, 'user18', 10);
insert into pick(pick_id, user_id, vote_option_id) values (59, 'user19', 9);
insert into pick(pick_id, user_id, vote_option_id) values (60, 'user20', 10);

-- follows
insert into follow(follow_id, from_user_id, to_user_id) values(1, 'user', 'hcampa2');
insert into follow(follow_id, from_user_id, to_user_id) values(2, 'user', 'rclayson4');
insert into follow(follow_id, from_user_id, to_user_id) values(3, 'hcampa2', 'rclayson4');
insert into follow(follow_id, from_user_id, to_user_id) values(4, 'rclayson4', 'hcampa2');
insert into follow(follow_id, from_user_id, to_user_id) values(5, 'cvaldes0', 'hcampa2');
insert into follow(follow_id, from_user_id, to_user_id) values(6, 'cvaldes0', 'rclayson4');